{
  "limit": 5,
  "ids":"1,2,3,4,5,6,7,8,9,10,11,12,13,14,15,16,17,18,19,20,21,22,23,24,25,26,27,28,29,30,31,32,33,34,35,36,37,38,39,40",
  "single": [
    [
      {
        "seatId": 1,
        "row":1,
        "column":1
      },
      {
        "seatId": 2,
        "row":1,
        "column":2
      },
      {
        "seatId": 3,
        "row":1,
        "column":3
      },
      {
        "seatId": 4,
        "row":1,
        "column":4
      },
      {
        "seatId": 5,
        "row":1,
        "column":5
      },
      {
        "seatId": 6,
        "row":1,
        "column":6
      },
      {
        "seatId": 7,
        "row":1,
        "column":7
      },
      {
        "seatId": 8,
        "row":1,
        "column":8
      }
    ],
    [
      {
        "seatId": 9,
        "row":2,
        "column":1
      },
      {
        "seatId": 10,
        "row":2,
        "column":2
      },
      {
        "seatId": 11,
        "row":2,
        "column":3
      },
      {
        "seatId": 12,
        "row":2,
        "column":4
      },
      {
        "seatId": 13,
        "row":2,
        "column":5
      },
      {
        "seatId": 14,
        "row":2,
        "column":6
      },
      {
        "seatId": 15,
        "row":2,
        "column":7
      },
      {
        "seatId": 16,
        "row":2,
        "column":8
      }
    ],
    [
      {
        "seatId": 17,
        "row":3,
        "column":1
      },
      {
        "seatId": 18,
        "row":3,
        "column":2
      },
      {
        "seatId": 19,
        "row":3,
        "column":3
      },
      {
        "seatId": 20,
        "row":3,
        "column":4
      },
      {
        "seatId": 21,
        "row":3,
        "column":5
      },
      {
        "seatId": 22,
        "row":3,
        "column":6
      },
      {
        "seatId": 23,
        "row":3,
        "column":7
      },
      {
        "seatId": 24,
        "row":3,
        "column":8
      }
    ],
    [
      {
        "seatId": 25,
        "row":4,
        "column":1
      },
      {
        "seatId": 26,
        "row":4,
        "column":2
      },
      {
        "seatId": 27,
        "row":4,
        "column":3
      },
      {
        "seatId": 28,
        "row":4,
        "column":4
      },
      {
        "seatId": 29,
        "row":4,
        "column":5
      },
      {
        "seatId": 30,
        "row":4,
        "column":6
      },
      {
        "seatId": 31,
        "row":4,
        "column":7
      },
      {
        "seatId": 32,
        "row":4,
        "column":8
      }
    ],
    [
      {
        "seatId": 33,
        "row":5,
        "column":1
      },
      {
        "seatId": 34,
        "row":5,
        "column":2
      },
      {
        "seatId": 35,
        "row":5,
        "column":3
      },
      {
        "seatId": 36,
        "row":5,
        "column":4
      },
      {
        "seatId": 37,
        "row":5,
        "column":5
      },
      {
        "seatId": 38,
        "row":5,
        "column":6
      },
      {
        "seatId": 39,
        "row":5,
        "column":7
      },
      {
        "seatId": 40,
        "row":5,
        "column":8
      }
    ]
  ]
}